State,District,Households,Women,Men,Rural_Urban_Classification,Population _female_ age 6 years and above who ever attended school,Population below age 15 years,"Sex ratio of the total population _females per 1,000 males_","Sex ratio at birth for children born in the last five years _females per 1,000 males_",Children under age 5 years whose birth was registered __,Households with electricity __,Households with an improved drinking_water source1 __,Households using improved sanitation facility2 __,Households using clean fuel for cooking3 __,Households using iodized salt __,Households with any usual member covered by a health scheme or health insurance __,num
UP,Meerut,2446,3334,433,Both,68.2,31.1,930,858,60.6,95.9,99.5,67.1,64.1,97,8,1
UP,Bareilly,1855,2506,345,Both,55.1,33.8,979,1071,55.6,69.6,99,54.3,44.1,95.1,4.8,1
UP,Firozabad,1830,2506,369,Both,67.3,33.9,961,850,54.8,85.5,96.4,33.6,36.3,95.4,2.6,1
MP,Ujjain,1888,2489,383,Both,63.9,28.9,968,1059,85.3,97.4,91.4,51.9,46.5,98.2,10.3,1
UP,Moradabad,1816,2487,363,Both,57.2,34.3,973,908,62.9,79,99.6,51.6,44.5,96.4,2.6,1
UP,Saharanpur,1831,2487,341,Both,65.3,32.9,954,906,74.7,93.4,99.3,51,37.6,98.2,3.1,1
UP,Aligarh,1836,2477,348,Both,63.8,33.9,932,880,61.2,84.6,97.8,38.4,39.6,93.8,4.5,1
RJ,Bikaner,1860,2456,338,Both,61.5,32,957,984,64.7,91.5,86.2,64.8,39.7,90.3,7.9,1
UP,Agra,1811,2448,357,Both,67.4,32.7,941,991,66.9,94.5,71.3,42.8,46.7,94.8,5,1
UP,Varanasi,1783,2442,369,Both,69.3,30.4,951,939,61.8,88.4,96,48.8,48.6,97.3,8.3,1
BR,Patna,1888,2441,375,Both,67.9,33.6,964,1017,66.8,86.6,98.8,49.9,51.7,98.7,9.4,1
MP,Hoshangabad,1902,2435,363,Both,70.7,26.2,928,958,93.2,94.4,91.1,46.4,34.4,99.4,27.1,1
MP,Indore,1935,2412,388,Urban,75.3,27.6,895,849,92.2,99.1,98.4,74.2,84.9,99.8,15.7,1
CT,Korba,1859,2378,316,Both,69.4,28.8,1022,961,81.6,93.9,80.2,34.3,26.5,99.4,62.3,1
RJ,Ajmer,1854,2335,314,Both,64.7,29.2,953,761,82.6,98.4,86.2,69.4,50.6,96.9,14.7,1
RJ,Jaipur,1816,2334,326,Both,68.5,29,920,883,68.3,98,93.7,58.1,54.6,96.6,28.9,1
MP,Gwalior,1886,2325,359,Both,68.8,28.1,887,858,83.5,95.5,97.1,56.2,57.3,97.6,15.9,1
UT,Hardwar,1785,2321,308,Both,69,31.9,929,921,69.9,97.8,99.1,56.9,46.2,96.5,6.4,1
MP,Burhanpur,1892,2307,335,Both,64.3,30.6,951,901,78.9,90.7,93.7,40,45.1,99.1,40.4,1
MN,Thoubal,1841,2302,294,Both,77.5,29.3,1062,978,63.5,85.1,33.9,45.5,37,99.8,4,1
UP,Ghaziabad,1808,2281,344,Both,74.1,30.3,899,907,69.9,97.4,84.9,64.8,78.5,98.8,10.7,1
CT,Durg,1811,2269,315,Both,75.3,26.7,997,880,88.8,99.1,98.3,44.7,36.4,99.4,68.3,1
RJ,Jodhpur,1839,2265,290,Both,58,31.9,952,870,68.4,91.3,76.9,52.6,44.8,88.6,17.6,1
MN,Bishnupur,1850,2257,271,Both,79.9,27.7,1032,915,69.3,96.4,43.9,38.2,38.8,99.8,4.2,1
CT,Raipur,1838,2251,280,Both,70.3,28.7,1004,998,89.6,98,95.1,38.6,34.7,99.3,58.5,1
UT,Udham Singh Nagar,1770,2245,290,Both,68.3,31.1,941,948,70.8,96.1,97.6,56.2,52.6,96.3,10.3,1
MN,Imphal East,1820,2232,283,Both,83.1,28.6,1057,874,75.9,96.9,32.2,43.4,50.1,99.7,6.1,1
UP,Gautam Buddha Nagar,1811,2194,347,Both,75.3,32.4,844,845,72.9,98.6,63.6,54.5,76.3,99.4,19.2,1
OR,Jharsuguda,1861,2189,294,Both,74.7,22.8,986,1007,94.1,91.8,91.3,40.3,28,98.7,43,1
JH,Dhanbad,1815,2181,302,Both,66.3,29.3,947,929,68.4,95.9,78.9,28.6,20.5,98.4,10.8,1
OR,Sundargarh,1810,2175,253,Both,69.9,25.1,1041,1036,79.3,86,89.3,37.9,24.6,98.2,50.8,1
ML,East Khasi Hills,1788,2173,265,Both,90.3,34,1027,922,84.9,95.3,85.8,65.6,43.1,99.3,24.4,1
UT,Nainital,1789,2170,264,Both,80.1,28.8,1005,854,78.2,98.6,95.9,73,62.8,95.1,13.4,1
RJ,Kota,1846,2156,351,Both,70.4,26.7,942,829,75.9,98.1,96.9,50.5,60,98,23.6,1
CT,Koriya,1850,2131,326,Both,66,29.1,1010,957,77.4,90.7,74.3,24.5,18.7,98.8,63.4,1
MN,Imphal West,1838,2129,269,Both,87,26.7,1095,1017,66.5,97.2,53.8,47.3,63.2,99.5,3.7,1
MP,Jabalpur,1799,2106,309,Both,76.8,26.1,955,924,92.8,94.6,96.6,47.5,48.5,91.2,36.3,1
JH,Ramgarh,1756,2100,269,Both,67.5,30.7,1000,971,60,94.9,67.8,39.3,17.8,97.6,21.7,1
MZ,Saiha,1782,2097,246,Both,90.4,33.8,990,962,96.9,99.4,92.4,80.1,58.7,99.8,53.5,1
JH,Bokaro,1759,2092,275,Both,63.8,29.4,975,926,65,87.3,79.8,35.8,26.8,98.8,15.6,1
UT,Dehradun,1828,2032,231,Both,79.9,24.1,936,832,87.4,99.4,99.5,75.6,84.9,99.1,31.2,1
SK,East,1853,2028,345,Both,80.3,23,957,709,97.8,99.1,98.2,83.6,70.7,99.7,26.6,1
MZ,Champhai,1841,1999,280,Both,94.6,32.7,1009,1009,98.1,99.8,97.4,87.3,52.2,99,58.3,1
NL,Dimapur,1800,1993,222,Both,83.6,30.7,1032,1053,72.6,98.7,78.8,65.3,66.6,99.8,4.7,1
UP,Jhansi,1732,1955,253,Both,64.8,25.4,946,815,81.7,88.9,96.1,45.9,40.8,86.2,5.8,1
JH,Purbi Singhbhum,1739,1952,280,Both,70.1,25.8,1001,890,85.4,91.5,90.2,43.4,40.4,99,19.8,1
TR,West Tripura,1816,1938,318,Both,84.8,22.3,996,1002,95.5,96.1,97.2,68.9,42,99.2,49.7,1
UP,Kanpur Nagar,1796,1901,309,Both,78.4,24.8,889,944,65,85.9,99.2,65.2,70.8,95.9,4.9,1
UP,Lucknow,1709,1862,251,Both,77.7,25.3,919,870,79.4,93.5,98.9,66.9,76.1,95.6,5.9,1
MZ,Lunglei,1717,1825,229,Both,91.7,28.2,944,836,99.6,99.1,94,77.7,52.2,99.6,52.2,1
OR,Khordha,1729,1822,212,Both,79.7,24.6,980,965,88.3,96.4,84.6,47,46.2,94.5,38,1
NL,Kohima,1797,1787,215,Both,86.2,28.8,1000,1137,79.1,99.4,79.8,69.1,55.6,99.3,5.3,1
AR,Papumpare,1649,1779,224,Both,77.3,30.2,978,793,75.7,98.9,91.5,68,84.3,99.1,46.6,1
MZ,Serchhip,1738,1770,249,Both,95.9,30.7,944,939,99.6,99.6,96.5,92,66.3,99.5,69.4,1
JH,Ranchi,1673,1761,247,Both,70.5,27.6,960,1026,76.2,92.2,75,37.8,39.1,98.4,6.5,1
MZ,Kolasib,1697,1660,231,Both,93.1,30.3,998,996,98.8,99,97.2,87.5,71.5,99.3,61.8,1
BR,Gaya,950,1443,158,Rural,56.2,39.4,1076,945,56.2,71.2,96.7,26.8,15.6,98.6,2.8,1
CT,Narayanpur,933,1434,213,Rural,58.3,32.6,1094,869,92,77.6,92.5,15.6,11.8,99.7,81.4,1
MP,Alirajpur,947,1430,203,Rural,35.9,40,1023,950,55.6,92.5,89.1,17.6,11.7,93.9,3.3,1
UP,Ambedkar Nagar,908,1407,172,Rural,67.2,32.1,1094,772,73.9,72.6,99.9,19.8,13.8,91.1,5.4,1
BR,Bhojpur,947,1397,171,Rural,62.4,36.1,1033,885,89.2,64.5,99.9,26.2,21,92,14.7,1
BR,Rohtas,947,1390,197,Rural,67.2,36.6,1029,892,64.9,81.1,99.4,25.9,17.9,99.2,5.6,1
JK,Poonch,833,1387,301,Rural,67.3,32.4,978,845,68.8,96.8,74.4,54.7,22.5,86.7,6.5,1
UP,Kushinagar,897,1360,134,Rural,58.8,36.2,1094,876,65.8,48.3,97.6,22.1,23.9,97.8,14.2,1
UP,Mau,905,1359,153,Rural,65.9,35.5,1092,870,81,82.9,99.5,26.6,20.7,95.2,1.6,1
BR,Siwan,942,1350,154,Rural,62.5,36,1119,983,67.1,53.2,98.4,23.6,20,96.2,12,1
UP,Sant Kabir Nagar,898,1349,127,Rural,58.6,37.8,1137,903,64.5,63.1,99.7,15.2,18,87.9,13.8,1
UP,Maharajganj,904,1346,111,Rural,54,35.9,1093,880,57.5,51.7,99.3,19.4,18.1,90,10,1
MP,Khargone _West Nimar_,946,1333,206,Rural,60.1,28.4,964,984,86.7,97.5,90.9,33.2,31.7,99.4,10.8,1
MP,Barwani,946,1332,172,Rural,51.5,36.5,1009,885,53.4,90.2,84.6,21.3,22,97.6,27.4,1
UP,Ballia,895,1329,156,Rural,63.9,34.5,1064,909,70.5,69.8,98.5,24.1,23.6,92.9,3.7,1
UP,Chandauli,897,1328,189,Rural,66.4,34.3,1005,839,67,70.8,88.9,27.9,21.8,99.1,8.5,1
UP,Jaunpur,895,1318,145,Rural,63.1,32.7,1115,833,45.8,78.3,95.4,24.1,21.5,93.2,3.4,1
UP,Sant Ravidas Nagar,898,1317,159,Rural,62.2,35.8,1077,951,59.4,80.1,86.4,20.6,25.4,97,3.2,1
UP,Rampur,924,1312,180,Rural,53.7,36.2,986,809,73.2,80.8,99.8,52.6,31.7,98.2,4.3,1
CT,Rajnandgaon,940,1309,163,Rural,75,30.1,1028,1041,96.9,98.9,92.8,44.8,19.7,98.8,76.6,1
BR,Buxer,946,1303,163,Rural,66.5,37,1034,962,63.2,65.7,99.7,27.9,23.3,98.4,10.9,1
UP,Azamgarh,900,1303,138,Rural,68.3,33.7,1135,1018,69.5,82.9,99.5,24.7,24,96.3,4.3,1
ML,South Garo Hills,935,1295,164,Rural,86.2,31.4,1021,1155,94.5,98.9,67.9,84.8,9.8,98.9,56.2,1
UP,Deoria,904,1289,131,Rural,64.2,34.3,1156,981,74.2,70.5,99.5,24.8,32.9,98.6,5.6,1
BR,Gopalganj,936,1286,112,Rural,61.7,38.3,1160,1042,60.1,56.8,99,26.4,20.4,91.2,8.7,1
BR,Arwal,946,1275,153,Rural,59.3,38.2,1145,932,88.8,47.1,99.1,21.3,10.2,92.7,25,1
UP,Jyotiba Phule Nagar,933,1271,197,Rural,59.6,33.8,1004,945,64.4,74.8,99.9,48.8,31.6,95.9,3.2,1
CT,Bijapur,918,1269,160,Rural,67.7,29.3,1006,941,96.5,91.6,93.8,21.9,9.6,99.7,86,1
UP,Bijnor,901,1265,173,Rural,64.3,32.4,1025,800,68.3,79.6,99.9,60.4,33.6,96.1,5.6,1
RJ,Sikar,900,1261,158,Rural,61.4,30.3,1015,938,67.7,96,90.9,61.2,42.8,94,17.4,1
UP,Balrampur,913,1260,138,Rural,46.2,42.9,1077,879,31.5,35.8,98.5,13.8,9.2,78.2,5.1,1
UP,Bulandshahr,910,1259,181,Rural,60.4,34.6,1002,886,62.4,87.9,99.6,47.7,31.8,97,3.1,1
MP,Guna,946,1256,214,Rural,57.8,32.2,916,1011,91.6,93.1,82.9,27.9,23.2,93.2,16.5,1
JK,Badgam,830,1253,265,Rural,55,25.2,989,1039,84.6,99,96.8,50,61.8,99.1,3.1,1
CT,Dhamtari,939,1251,177,Rural,73.5,25.4,1017,1108,94.5,98.2,95.8,54.5,20.6,99.6,83.2,1
UP,Muzaffarnagar,914,1251,159,Rural,63.1,34.8,983,804,61.7,93.4,99.6,54.5,39.2,93.8,3.3,1
MP,Khandwa _East Nimar_,945,1250,174,Rural,63.4,30.9,949,823,93.3,90.3,78.1,34.1,28,98.2,10.7,1
UP,Basti,896,1243,114,Rural,60,36.2,1086,877,61.2,66.6,99.8,16.1,19.6,96.5,16,1
BR,Vaishali,945,1242,137,Rural,58.7,37.2,1023,829,78.5,63.1,97.6,30.5,21,95.5,24.3,1
UP,Baghpat,908,1239,188,Rural,66.1,30.1,899,763,71.5,92,99.4,64.7,42.7,98.2,5.7,1
MP,Dhar,944,1237,186,Rural,56.7,31,988,992,86,95.7,86.2,35.5,34.6,98.2,7.9,1
UP,Siddharthnagar,900,1236,120,Rural,56.3,40.8,1117,886,46.6,61.9,99.7,14.9,19.2,96,5.3,1
ML,East Garo Hills,918,1235,136,Rural,78.6,36.5,1064,1094,57,86.3,40.5,51.8,6.6,98.7,18.3,1
RJ,Jhunjhunun,919,1234,161,Rural,60.7,27,1020,887,77.1,96.2,88.3,66,51,96.9,23.6,1
CT,Bilaspur,933,1232,190,Rural,70.9,31.4,1013,1067,94.9,99.3,91.9,40,28.2,99.3,69,1
BR,Nawada,942,1228,130,Rural,56.3,38.7,1169,983,51,56.7,98.8,28.8,21,98,18.7,1
RJ,Ganganagar,929,1225,198,Rural,64.8,25.8,929,907,82,94.1,92.1,73.4,39.6,97.3,12.9,1
UP,Ghazipur,890,1223,165,Rural,63.5,35.1,1112,1052,63.4,67.9,99.1,19.1,17,98.3,8.8,1
BR,Sheikhpura,941,1222,132,Rural,59.4,40.8,1104,1013,59,79.1,94.4,33.6,16.5,94.4,21.1,1
MP,Singrauli,928,1221,164,Rural,58.3,35.5,984,958,68,71,56.3,15.8,17.4,89.5,25.7,1
UP,Mathura,912,1220,165,Rural,63.3,32.7,903,876,56.1,95.6,84.2,43,32.7,95.9,5.6,1
UP,Gonda,900,1216,123,Rural,54.9,38.3,1057,1051,43,39.6,100,11.1,19.1,90.4,10.6,1
UP,Pratapgarh,891,1216,119,Rural,62.2,33,1122,922,62.7,71.3,92.5,15.8,23.5,95,6,1
UP,Gorakhpur,893,1212,145,Rural,68.1,32.9,1098,951,85.6,74.8,99.2,34.3,39.7,97.2,7.8,1
BR,Lakhisarai,946,1210,148,Rural,60.1,39.1,1013,934,51.6,79.3,93.8,36.8,14.7,98.9,9.3,1
JK,Reasi,818,1210,270,Rural,65.9,31.4,952,907,67,90.6,71.1,44.4,16.5,83.8,3.8,1
MP,Mandsaur,947,1210,210,Rural,60.2,28.1,983,817,80.2,97,69.7,28.3,29.1,98.1,10.5,1
BR,Begusarai,951,1203,164,Rural,57.2,40,1044,955,68,63.6,99.1,34.2,16.5,98.3,12.2,1
BR,Bhagalpur,946,1203,166,Rural,59.7,38.2,1015,916,78.7,69.2,97.3,32.3,23.2,89.7,23.9,1
MP,Harda,949,1202,201,Rural,65.8,29.7,922,814,85.9,96.5,87.7,51.4,30.9,99.2,16.6,1
UP,Faizabad,913,1202,142,Rural,64.8,33.5,1057,918,77.9,65.4,98.7,24.2,24.5,92.7,6.6,1
JK,Bandipore,816,1201,296,Rural,62.5,29.2,1050,875,73,95.1,91.4,37.2,54.3,99.7,3.4,1
BR,Jamui,947,1199,157,Rural,53,39,1036,900,53,62,78.6,14.8,9.2,92.8,2.7,1
ML,West Garo Hills,939,1195,156,Rural,77.3,33.1,988,1016,86.3,92.9,51.4,45.7,16.3,99.3,35.6,1
BR,Aurangabad,946,1194,118,Rural,61.2,36.7,1084,905,57.2,59.7,98.8,27.1,16.6,93.7,20.5,1
OR,Nabarangapur,942,1191,169,Rural,48.6,33.2,1036,1077,65.9,69,98.4,16.1,9.2,87.6,48.5,1
JK,Kulgam,822,1187,338,Rural,60.4,27.8,982,1032,62.5,97,98.1,50.9,50.8,96.8,1.9,1
MP,Neemuch,936,1186,191,Rural,60.4,27.4,978,836,88.3,97.1,76,32,34.7,98.4,6.7,1
JK,Shupiyan,817,1184,302,Rural,63.3,27.8,975,1152,64.9,96.7,94.5,57.2,43.8,97.1,0.8,1
BR,Kishanganj,939,1183,137,Rural,46.8,40.6,1086,945,66.2,51.1,98.8,15.9,5.6,95.9,10.9,1
BR,Supaul,944,1181,121,Rural,47.6,42.4,1123,909,55.9,60.9,99.9,15.8,6.1,98.2,8.4,1
BR,Kaimur _Bhabua_,948,1175,152,Rural,61.4,38.2,1027,893,62.6,73.6,95.3,21.5,13.8,96.5,20,1
BR,Banka,946,1174,170,Rural,52.6,38.9,1006,766,80.8,47.2,92.9,14.3,9.3,89.7,16,1
RJ,Baran,928,1173,146,Rural,56.9,28.1,959,805,78.9,91.7,91.4,31.4,25,97.7,13.4,1
MP,Raisen,945,1171,180,Rural,70.3,30.6,903,908,94.7,92.8,95.1,39,26.7,92.2,22.7,1
RJ,Nagaur,933,1167,168,Rural,52.7,29.5,1011,820,70.2,90.6,66.1,53.8,24.4,88.9,29.2,1
UP,Etah,905,1163,163,Rural,66.9,34.5,940,839,49.6,65.9,99.1,23.2,24.4,96,8.3,1
JK,Anantnag,812,1162,269,Rural,62.5,26.1,999,860,66,96.7,95.4,54.9,70,97.4,2.6,1
UP,Allahabad,889,1162,142,Rural,64.5,33.2,1034,925,43.3,78.5,92.2,32.7,36.8,98.4,7.1,1
UP,Farrukhabad,905,1159,169,Rural,70.3,35.5,981,1002,55.6,62.6,99.9,30.3,24.6,93.2,5.9,1
MP,Chhindwara,915,1157,175,Rural,67.6,25.9,950,933,91.9,89.3,81.7,34,25,95.8,14.8,1
CT,Bastar,926,1153,160,Rural,54.3,31.9,1082,1043,78.2,85.9,94.5,17.6,10.4,98.5,71.2,1
UP,Pilibhit,915,1152,190,Rural,57.9,31.9,937,955,69.5,51.7,99.5,37,27.6,83.3,3.4,1
JK,Ganderbal,827,1151,299,Rural,58.4,27.1,969,1097,73.8,99.7,95.9,55.8,66.6,99.6,3.1,1
UP,Sultanpur,898,1151,126,Rural,61.1,34.8,1078,825,62,75,95.3,16.7,16.8,93,7.3,1
UP,Kanshiram Nagar,919,1146,145,Rural,58.6,36.9,989,851,56.4,54.3,99.8,20.8,18.7,97.4,2.1,1
UP,Etawah,902,1145,167,Rural,72.5,32,935,813,63.4,91.3,98.6,28.7,26.9,94.3,10.9,1
CT,Dakshin Bastar Dantewada,909,1144,153,Rural,43.6,30.8,1021,1088,74.8,86.8,94,22.4,16.1,99.6,65,1
RJ,Churu,932,1144,160,Rural,57.3,32.1,1009,896,72.3,95.3,83.6,73.3,30.3,92.5,18.6,1
JH,Hazaribagh,900,1142,164,Rural,63.8,33.2,1004,862,79.7,96.4,67.5,27.7,18,98.3,18.8,1
RJ,Dhaulpur,929,1142,168,Rural,62.7,37.8,916,852,47.2,91.4,91.4,31.6,20.7,85.6,32.5,1
AS,Karimganj,911,1141,146,Rural,80.6,34.4,986,952,98.1,71.3,62.8,39.5,22.5,99.6,5,1
BR,Saharsa,944,1139,139,Rural,48,40.8,1044,968,52,58.3,99.7,16.6,12.9,93.7,9.3,1
UP,Mainpuri,901,1137,181,Rural,72.6,33.4,983,855,58.1,81.9,99.3,27.3,24.4,96.4,9.2,1
MP,Dewas,939,1136,172,Rural,63.6,29.7,964,961,92.7,98.6,93.5,47,37.8,99.1,16.3,1
OR,Anugul,938,1135,144,Rural,72.9,25.6,935,879,73.8,87.4,77.2,35.6,21.4,89.5,60.5,1
OR,Puri,942,1135,144,Rural,78.9,22.5,996,922,92.4,95,95,40.1,19.9,99.7,57.8,1
UP,Mahamaya Nagar,906,1135,150,Rural,68.2,33,921,951,53,86.3,96.3,30.5,30.2,95.4,4.8,1
CT,Janjgir Champa,933,1134,170,Rural,68.7,29.2,1038,819,77.7,98.2,95.3,29,18.9,99,70.1,1
UP,Kannauj,906,1134,153,Rural,66.2,36.4,988,1099,41,70.7,99.7,22,19.2,94.5,5.2,1
BR,Araria,942,1133,117,Rural,52.5,42.7,1110,969,50.5,48.6,99.6,12.5,5.2,95.3,5.4,1
ML,Jaintia Hills,923,1133,141,Rural,78.5,43.1,981,1029,80.9,85.4,74.4,55.5,21.6,99.4,56.9,1
OR,Kandhamal,938,1133,142,Rural,58.7,29.3,1070,1057,77.2,77.6,61.4,16.5,6.4,95.3,61.8,1
CT,Uttar Bastar Kanker,912,1132,144,Rural,68.6,26.6,1052,811,87.4,95.8,98,38.7,14.5,99.2,78.9,1
MP,Shivpuri,946,1132,206,Rural,55.8,31,910,1082,80.6,87.3,65.6,22.6,19.7,94.5,16.9,1
BR,Khagaria,948,1131,134,Rural,53.7,42.5,1043,970,62.5,54.2,98.8,30.8,13.4,97.2,7.9,1
BR,Saran,903,1130,138,Rural,61.5,38,1075,976,56.3,59,98.4,25.4,17.4,80.4,8.3,1
CT,Mahasamund,930,1130,167,Rural,65.1,28,1049,886,90,98,96.8,22,12.9,99.1,73.1,1
JK,Rajouri,818,1128,253,Rural,67.9,32.3,1000,1074,45.2,94.3,66.4,39.6,32.6,83.9,4.2,1
AS,Tinsukia,925,1127,171,Rural,67.1,29.6,989,883,80.3,76.3,96,50.8,26.9,99.9,17.2,1
BR,Darbhanga,945,1126,116,Rural,53.8,41.3,1145,974,65.4,58.4,99.9,27.7,18.3,91.6,15.2,1
BR,Madhubani,945,1126,143,Rural,51.6,40.4,1147,954,53.7,53.7,99.6,19.1,12.2,80,12.1,1
CT,Kabirdham,928,1126,150,Rural,58.3,33,1031,886,85.4,95.2,93.5,20.8,10.3,97,66.4,1
MP,Morena,943,1125,182,Rural,61.5,30.9,895,1093,86.8,87.9,92.3,36.9,23.5,86.7,10.6,1
SK,West,937,1125,223,Rural,77.2,24.1,933,801,98.5,99.6,94,93,41.4,99.9,36.3,1
UP,Rae Bareli,906,1123,180,Rural,63.7,31.1,1049,921,69.3,71.6,98.4,18.4,22.7,84.2,6.2,1
RJ,Hanumangarh,936,1122,193,Rural,59.9,27.3,928,1013,77.6,94.8,96.6,55.2,25.1,97,7,1
RJ,Jalor,906,1122,177,Rural,47.4,34.6,957,883,64.9,82.8,79,39.4,27.1,99.2,9.3,1
MP,Datia,951,1121,170,Rural,62.1,29.1,893,819,77,89.6,91.7,33.5,21.7,85.3,12.9,1
TN,Krishnagiri,830,1120,200,Rural,72.6,24.3,1009,742,98.9,99,92,43.8,62.4,82.6,73.2,1
JH,Giridih,920,1119,127,Rural,57.6,37.6,1083,773,62.5,90.1,65.6,18.3,14.6,98.9,18.3,1
ML,Ribhoi,903,1119,147,Rural,79.3,40,1007,1113,83,85.9,70.4,56.3,9.6,97.8,36.3,1
BR,Sitamarhi,946,1118,123,Rural,53.4,41.6,1103,993,56.5,39.4,100,20.2,12.8,95.4,6.5,1
BR,Madhepura,948,1116,109,Rural,46.4,44.4,1130,895,56.3,53.3,100,15,9,96.3,9.3,1
MH,Nagpur,997,1116,150,Both,86,20.9,1004,957,98.4,97.2,95.4,71.1,75.7,94.4,18,1
RJ,Sawai Madhopur,911,1115,155,Rural,51.7,32.5,1001,850,59.7,86.4,85.2,34.6,17.9,88.9,31.6,1
BR,Purnia,946,1114,133,Rural,57.8,41.9,1091,912,59.4,50.6,99.7,14.4,8.6,95.9,17,1
RJ,Alwar,913,1113,139,Rural,61.2,33.5,937,748,56.1,96.9,97.9,40.3,24,95.2,10.6,1
UP,Budaun,904,1113,164,Rural,51.4,39.8,981,946,53.1,52.4,100,30.6,22.3,96.8,6,1
UP,Mirzapur,890,1113,156,Rural,60.6,34.8,955,967,43.7,68.3,88.1,23.3,17.7,98.1,6.3,1
AS,Jorhat,920,1112,152,Rural,82.2,23,980,752,98.5,87.1,88.1,64.5,34.4,99.8,11.8,1
MP,Seoni,922,1109,159,Rural,68.6,28,1031,951,89.4,81.9,78.2,24.4,18,92.9,21.6,1
HR,Mahendragarh,822,1108,189,Rural,70,23.6,876,698,96.7,98.6,96,74.3,32.9,89.9,10.4,1
BR,Jehanabad,938,1107,121,Rural,59.6,37.1,1103,846,63.6,68.8,99.4,29.3,20.1,97.2,17.7,1
AS,Dhemaji,932,1106,134,Rural,75.1,32.5,1014,887,96.8,63.5,91.7,41.4,11,99.2,9.5,1
HR,Fatehabad,837,1104,186,Rural,65.1,25.5,908,922,97.2,99.8,99.8,87.5,39.1,96.7,3.1,1
MP,Bhopal,943,1104,172,Urban,77.4,26.3,899,890,93,98.3,93.5,61.8,74.9,98.3,35.9,1
MP,Sehore,945,1104,176,Rural,58.2,29.2,927,943,86.4,98,89.3,47.1,24.9,97.8,16.1,1
AS,Nalbari,910,1103,163,Rural,78.6,28.3,964,891,95.3,84,98.4,51.2,35.5,99.7,10,1
MP,Anuppur,909,1102,137,Rural,63.8,30.1,996,829,84.7,79,69.3,22.2,18.2,93.2,26.8,1
HR,Bhiwani,830,1101,170,Rural,68.9,27.9,980,999,97.2,99.2,89.8,82.6,33.4,91.1,11.2,1
HR,Sirsa,835,1101,157,Rural,64.9,27,913,847,96.6,98.9,98.2,79.5,41.8,88.3,8.4,1
RJ,Banswara,936,1100,153,Rural,50.4,35.5,983,1012,65.1,67.9,92,20.8,12.6,79.3,12.5,1
RJ,Karauli,910,1100,167,Rural,54.7,33.5,988,936,50.8,94.3,86.2,21.1,14,87.4,24.9,1
JK,Kupwara,818,1098,259,Rural,65.1,33.5,972,930,60.1,93.3,89.2,38.4,48.6,98,2.3,1
JK,Udhampur,806,1098,256,Rural,64.8,28.6,979,914,98.5,97.6,64.5,34.6,26.8,87.1,5.2,1
MP,Shajapur,945,1098,170,Rural,57,29.3,906,872,95.4,96.5,83.2,34.8,25.5,96.5,13.7,1
MP,Sheopur,947,1098,160,Rural,52.1,34,945,923,81.6,83.1,93,15.4,13.8,97.3,22.4,1
RJ,Dausa,914,1097,146,Rural,59.3,32.3,1016,965,53.1,90.4,94,36.1,16.7,92.9,34,1
UP,Unnao,892,1097,151,Rural,64.4,32.8,1011,915,73.3,45,97.7,28.3,22.9,93.5,5.4,1
HR,Yamunanagar,836,1096,164,Both,76.3,24,867,616,97.5,99.9,99.7,80.2,61.6,96.7,11,1
JH,Jamtara,925,1094,166,Rural,56.3,33.5,990,915,53.3,81.4,90.4,14,3.7,97.3,11.8,1
AS,Dibrugarh,899,1093,160,Rural,75.9,27.2,1035,931,86.4,75.4,98.8,56.6,28.1,99.8,7.7,1
AS,Barpeta,919,1092,133,Rural,70.5,33.3,982,906,96.9,72.3,97.8,34.9,22.6,99.5,25.7,1
MP,Rewa,909,1092,152,Rural,64.8,33.4,995,906,80.7,86.9,88,24.7,13.2,89.6,20.1,1
OR,Nuapada,932,1092,128,Rural,57.2,30.9,1044,999,66.7,82.3,95,20.2,8.7,98.6,55.1,1
MP,Narsimhapur,921,1091,176,Rural,70.6,26.4,901,881,82.5,91.6,97.2,40.7,21.4,96,13.9,1
SK,South,938,1091,47,Rural,80.8,22.3,924,1096,100,99.8,99.6,93.4,52.5,99.4,32.5,1
AS,Golaghat,928,1089,142,Rural,80.8,25.2,1016,1017,95.8,86.8,94.3,59.6,15.7,100,9.5,1
HR,Hisar,835,1089,166,Both,67.2,25.6,883,776,99.1,99,93.9,84.5,38.8,91.4,10.3,1
UP,Chitrakoot,909,1089,134,Rural,57.9,36.4,1034,968,70,67.3,92.2,15.8,11.6,77.6,2.7,1
MP,Ratlam,933,1088,166,Rural,60.1,30.4,975,912,82.3,93.5,88.4,33.7,32.9,95.3,7,1
AS,Darrang,924,1087,144,Rural,70.5,31.5,977,1001,94,77,97,45.6,17.6,99.3,4.9,1
RJ,Dungarpur,941,1087,139,Rural,53.3,34,1009,811,66.9,78.7,90.7,32.9,16.9,92.3,9.6,1
AS,Kamrup,902,1085,130,Rural,76.1,27.8,1002,966,94.4,88.8,93.9,52.6,37.3,98.9,6.8,1
OR,Jajapur,919,1085,150,Rural,76.4,25.4,1020,725,82.4,93.2,87.8,30.7,15.9,99.3,51.7,1
BR,Muzaffarpur,946,1084,134,Rural,57.8,37.4,1059,930,60,72.7,99.4,28.5,21.9,94.7,10.2,1
RJ,Tonk,905,1084,136,Rural,54.2,28.7,987,880,79.3,96.7,90.2,32.6,21.5,96.4,23.8,1
AS,Udalguri,923,1083,152,Rural,68.9,29.9,981,898,95.4,84.8,81.2,53.8,14.1,99.7,2.7,1
JH,Kodarma,875,1083,125,Rural,61.8,37,1062,880,66.3,91.3,80.6,28.6,31.1,95.6,3.6,1
MP,Ashoknagar,945,1083,200,Rural,58.6,32.5,889,942,86.1,88.3,91.7,19.8,15.9,90.6,19,1
JK,Kathua,821,1081,254,Rural,71.6,24.2,905,804,95.1,99.6,84.6,43.5,40.4,95.2,5.1,1
JK,Pulwama,811,1078,247,Rural,62.7,24,948,870,68.4,98.7,95.8,66.1,78.6,99.4,1.3,1
RJ,Bharatpur,911,1077,176,Rural,56.3,36.3,970,941,52.2,90.7,73.7,34.3,16.2,91.7,13.2,1
HR,Jind,836,1075,142,Rural,68.7,27.5,893,1003,98.6,99.5,91.4,84.6,36.8,94.6,9.5,1
MP,Balaghat,912,1074,135,Rural,73.9,28,1067,1038,84.2,88.2,76.2,28.4,16.4,95.7,17.7,1
AS,Hailakandi,911,1073,159,Rural,75.9,32.5,962,963,97.7,55.4,51.2,36,13.8,99.8,8.8,1
AS,Morigaon,919,1073,143,Rural,75.5,33.4,1016,1081,93.7,77.7,98,40.1,18,99.3,25.9,1
AS,Sonitpur,916,1073,136,Rural,73.8,28.1,1005,958,97.8,79.6,71.2,61,22.7,99.7,10.4,1
BR,Purba Champaran,926,1072,81,Rural,50.6,42.9,1064,894,44.7,40.4,99.4,20.5,14.4,91.7,10.8,1
MP,Katni,917,1072,156,Rural,68.4,29.2,996,1228,88.8,82.3,90.6,23.2,18.8,79.3,17.2,1
UT,Bageshwar,926,1072,107,Rural,73.3,29.5,1144,879,69.5,97.5,83,67.4,23,94.8,34.2,1
MP,Sidhi,922,1068,138,Rural,62.8,35.5,1005,886,69.5,77,70.3,10,6.9,91,20.8,1
MP,Betul,881,1067,148,Rural,69,26.9,1010,933,77.2,92,85.5,30.7,28,95.9,19.2,1
OR,Subarnapur,919,1067,146,Rural,69.6,25,1037,1034,89.3,89.1,96.7,16,12.7,99.4,60.4,1
BR,Nalanda,946,1066,128,Rural,56.7,39.8,1037,859,63.2,69.3,97.9,31,23.4,97.8,27.2,1
AS,Lakhimpur,897,1065,137,Rural,80.4,29.8,1044,1010,92.9,77.6,73.4,49.6,18.9,99.9,9.5,1
JH,Deoghar,916,1064,154,Rural,59.9,34.2,958,778,62.6,80.4,86.6,22.3,20.5,96.9,8.2,1
UP,Shahjahanpur,907,1064,155,Rural,60,37,952,981,23.5,53.2,99.8,33.4,26,92,3.1,1
RJ,Pratapgarh,928,1063,148,Rural,48.7,32.7,982,796,63.7,75.3,83.1,15.1,13.6,95.2,10.5,1
HR,Ambala,834,1062,152,Both,81.9,22.8,846,730,98.5,99.8,99.7,89.9,67.8,96,16.7,1
JK,Baramula,809,1062,297,Rural,64.2,26,925,872,79.5,99.8,92.6,62.4,70.6,98.5,0.6,1
RJ,Pali,920,1061,123,Rural,56.7,30.1,1056,875,71.3,95.1,80.3,50.9,40.8,97.6,32.8,1
MP,Tikamgarh,894,1060,148,Rural,58.6,32.2,909,873,71.1,84.9,74,13.9,14.6,72.3,7.8,1
RJ,Rajsamand,930,1060,138,Rural,55.6,30.6,1001,780,77.5,95.2,80.7,32.3,25.1,94.8,8.8,1
JH,Pakur,913,1059,144,Rural,51.3,36.9,1022,945,70.5,77.6,89.3,13.4,6.5,97.1,16.6,1
HR,Mewat,793,1058,173,Rural,47.1,43.9,932,891,75.7,88.5,78.9,46.7,17.2,67.5,7.9,1
PY,Mahe,786,1058,132,Urban,95.9,22.2,1201,1153,100,99.7,89.9,98.2,86.9,98.8,43.8,1
MZ,Aizawl,896,1056,132,Urban,95.9,27.6,1064,902,96.9,99.7,93.3,90.9,87.5,98.8,38.1,1
UP,Shrawasti,922,1055,111,Rural,42.7,43.2,1042,911,34.4,25.6,98,10.4,9.2,74.7,8.4,1
AS,Sivasagar,926,1054,162,Rural,78.4,25.3,994,1002,92.7,78.7,96.2,55.5,26.4,99.9,13.3,1
MN,Senapati,896,1052,143,Rural,80.1,33.6,986,858,49.9,92.7,35.4,59.6,19,98.5,0.6,1
ML,West Khasi Hills,921,1051,135,Rural,85.7,41.1,956,990,76.5,89.8,72.7,79.7,6.9,99.5,42.8,1
PB,Amritsar,830,1051,158,Both,77.4,26.3,916,772,97.5,99.4,100,78.3,72.8,99.5,19.7,1
OR,Baudh,932,1050,135,Rural,68.4,27.6,995,973,70.9,86.9,88.8,16.4,11.5,90.6,61.7,1
PB,Sangrur,833,1050,166,Rural,68.5,21.7,893,736,96.3,99.5,98.6,87.7,51.8,95.6,15.3,1
MP,Bhind,946,1049,163,Rural,62.7,29.9,855,821,82.4,87.9,93.1,30.6,18.3,93.8,11.2,1
OR,Jagatsinghapur,925,1049,106,Rural,80,21,1070,929,86.6,92.9,96.9,30.8,12.8,99.2,51.2,1
SK,North,934,1049,186,Rural,79.3,23.4,917,953,100,99.6,98.2,89.3,48.8,99.3,32.3,1
OR,Balangir,929,1047,129,Rural,64.9,28.1,1033,1058,72.5,82.6,94,14.1,9.2,98.7,50.1,1
AR,Tirap,919,1046,155,Rural,70.3,31.8,885,912,63.7,97.9,68.3,54.9,21,99.2,59.4,1
UP,Kheri,893,1046,143,Rural,55.7,36.4,935,840,38.4,41.4,99.1,22.5,16.4,83.9,5.1,1
BR,Munger,946,1045,145,Rural,67.6,35.2,970,878,63.4,68.8,90.5,34.1,26.3,95.7,8.1,1
JH,Gumla,915,1045,125,Rural,65.9,36,1067,1007,59.4,77,47.5,16.3,10.6,98.6,26.3,1
AS,Baksa,891,1044,125,Rural,71.9,28.3,1046,968,97.3,81.8,82.4,54.3,16.6,99.2,3.7,1
AS,Cachar,903,1044,162,Rural,78,30.1,992,942,93.5,67.5,61.6,37.3,28.8,99.9,3.1,1
AS,Goalpara,908,1043,160,Rural,73.4,34,986,851,95,71.3,87.1,46.2,21.3,99.6,11.8,1
PB,Patiala,833,1042,178,Both,76.8,22.6,903,909,97.7,99.9,99.4,87.5,68.6,98.1,14.5,1
JH,Chatra,888,1040,102,Rural,57.3,39.4,1046,938,60.8,42,66.5,14.6,10.8,98.2,12.8,1
MP,Dindori,903,1039,140,Rural,59.4,31.5,1004,889,80,73.4,71.3,6.9,4,78.9,35.6,1
RJ,Jhalawar,932,1038,157,Rural,53.4,28.4,948,807,78.4,95,84.5,36.1,25.5,96.6,11.6,1
BR,Samastipur,946,1034,110,Rural,56.4,39.8,1063,1049,58.9,39.9,98.5,19.2,14,87.6,11.6,1
PB,Bathinda,836,1033,176,Both,71.1,22.6,914,991,98.4,99.5,96.7,85,62.7,98.7,17.8,1
JK,Kargil,804,1032,227,Rural,64.3,32.1,970,818,73.6,97.3,86.7,16.5,43.8,98.2,1.9,1
HR,Jhajjar,832,1031,175,Rural,72.6,27.2,894,713,97.9,99,93,86.4,43.9,93.1,13.4,1
OR,Rayagada,917,1030,139,Rural,43.8,29.7,1074,967,79.1,79.1,91.7,23.4,17.1,80.8,54.3,1
MH,Akola,791,1029,143,Both,85.2,24.7,975,934,98.7,93.8,97.4,46.5,43.1,98.7,16.1,1
UP,Sonbhadra,904,1027,147,Rural,59.8,35.6,936,946,54.6,52.4,87.5,23.7,20.3,98.2,15.1,1
PB,Faridkot,837,1026,167,Both,70.5,23,888,968,100,98.9,97.3,83.7,64.2,98,25,1
UP,Kaushambi,869,1026,127,Rural,51.1,38.8,1024,1020,53.4,49,96.8,18.7,18.6,92.8,6.1,1
MP,Rajgarh,947,1025,155,Rural,55.1,29.5,956,997,75.4,95,65.8,19,18.6,96,22.4,1
OR,Malkangiri,910,1022,140,Rural,44.5,34.3,1027,925,75.3,86,89.3,16.7,5.6,91.4,58.9,1
PB,Firozpur,836,1022,155,Rural,67.4,26,890,1014,98.4,99.7,96.8,77.1,49.6,98.9,20.1,1
AR,Lohit,893,1021,148,Rural,69.8,33.5,973,836,79.2,78.4,92.6,60.5,23.9,99.8,45.8,1
OR,Kendrapara,928,1021,91,Rural,77.7,26.3,1129,1007,91.1,92.4,98.8,25.6,13.8,95.5,55.5,1
UP,Bahraich,914,1021,130,Rural,45.8,42.1,988,992,34.5,31.3,99.1,12.9,14.9,78.7,9.2,1
AN,Nicobars,813,1019,164,Rural,77.2,25.4,957,1060,99.3,99.4,99.8,86.8,39.3,99.7,4.3,1
BR,Sheohar,943,1019,108,Rural,52,43.5,1143,900,52.2,59.7,99.5,21,11.1,90.4,7.5,1
PB,Tarn Taran,838,1019,148,Rural,70.3,25.5,914,962,99.7,99.6,100,77.9,55.1,98.8,16.4,1
PY,Puducherry,827,1019,179,Both,80.3,23.7,1055,809,99.2,99.6,95,62.5,86.9,93.6,31.2,1
OR,Bhadrak,901,1017,101,Rural,76.4,28.8,1074,875,79.6,87.2,99.4,23,10.7,96.3,34.3,1
RJ,Jaisalmer,910,1017,144,Rural,45.2,39.8,916,824,52.7,76.4,56.7,36.8,17.1,90.7,31,1
HR,Sonipat,836,1016,185,Both,74.3,25.8,830,855,97.7,99.7,94.7,79.9,48.4,97.8,9.4,1
MP,Damoh,920,1015,157,Rural,65.9,30,917,860,79.7,85.7,78.3,22.2,13.3,88.7,14.2,1
AS,Karbi Anglong,907,1014,152,Rural,69.3,34.6,982,872,84.9,81.7,52.4,41.5,14.4,99.8,6.2,1
PB,Mansa,839,1013,163,Rural,62,23.2,908,884,96.8,99.8,98.4,75,40.6,96.1,22.6,1
PY,Yanam,823,1013,175,Urban,77.7,25,1044,1089,97.7,99.5,95.3,73.1,92.4,92.1,42.2,1
WB,Paschim Medinipur,805,1013,114,Rural,74.7,25.2,1050,862,96.5,95.7,96.5,40.9,13.9,91.8,29.8,1
OR,Baleshwar,928,1012,122,Rural,74.1,26.5,1089,969,90.3,88.7,97.7,37.3,14.2,80.2,41.6,1
WB,Puruliya,815,1012,133,Rural,53.6,28.8,983,998,95.9,79.3,82.7,12.3,6.8,93.9,27.1,1
WB,Uttar Dinajpur,825,1012,132,Rural,60.1,36.8,1023,937,88.5,90,97.5,31.8,12.3,97.3,27.3,1
HR,Rewari,819,1011,163,Rural,68.8,25.6,894,704,93.3,98.6,93.5,69.7,39.1,97.1,18.1,1
RJ,Bhilwara,920,1011,122,Rural,50,29.5,1000,981,76.2,96,82.6,32.7,27.3,96.1,22.6,1
HR,Kurukshetra,837,1010,160,Rural,71.4,24,892,823,99.7,99.9,99.8,86,59.1,95.1,8.1,1
MP,Satna,897,1010,142,Rural,66.5,30.7,993,942,80.9,88.9,91.4,30.2,22.1,92.4,23.8,1
TN,Coimbatore,834,1009,183,Urban,78.8,20.9,994,798,97.2,98.7,95.7,57.6,85.1,90.7,76,1
HR,Palwal,800,1008,155,Rural,61.9,33.5,880,888,86.4,93.2,93.6,66.4,30.6,83,10.5,1
HR,Kaithal,836,1007,145,Rural,64.9,27.1,889,949,99.2,99.9,98.8,78,41.1,89.6,13.9,1
OR,Bargarh,930,1007,148,Rural,69.6,24.2,1020,929,88.1,83.5,95.6,26.4,13.3,99.1,52.2,1
AS,Nagaon,886,1006,139,Rural,79,33.5,1005,990,95,83.4,92.7,45.5,19,99.8,12,1
WB,Murshidabad,830,1006,145,Rural,70.8,31.8,1083,1075,98.9,92.5,97.5,50.6,19.2,93.5,40.9,1
AS,Bongaigaon,904,1005,145,Rural,73.4,32.1,951,895,94.3,88.4,74,45.9,27.2,99.9,9.2,1
PB,Moga,838,1003,155,Rural,71.7,23.3,897,1057,99.3,99.4,99.1,86.9,55.4,98.6,18.5,1
TN,Erode,835,1003,163,Both,73.2,21.3,1001,932,98.9,98.4,97.5,61.1,87.4,87.3,60.4,1
BR,Katihar,949,1001,111,Rural,51.5,41.2,1039,860,62.4,31.6,99.2,21.5,10,97.9,15.7,1
MP,Jhabua,927,1001,190,Rural,36.4,41.2,969,1033,60.5,88.6,84.9,13,9.1,93.6,2.6,1
MP,Chhatarpur,883,1000,141,Rural,58.4,33.8,919,827,71.1,77,72.7,14.5,13.5,70.5,7.4,1
OR,Dhenkanal,923,1000,133,Rural,72.2,25.9,1026,1044,80.3,88.7,58.8,33.3,21,98.7,52.5,1
UP,Hardoi,901,1000,128,Rural,60.8,36.4,945,803,55.3,42.2,99.6,28.3,23.2,85.4,8.1,1
AS,Chirang,905,996,125,Rural,67.2,31.2,965,1106,94.7,72,70.8,32.6,18.3,98.4,6.1,1
JH,Khunti,905,996,157,Rural,58.5,30.9,974,1082,76.4,68.6,53.5,14,7.3,97.7,5,1
RJ,Sirohi,907,996,148,Rural,48.3,33.5,999,959,68,87.2,90.3,42,40,98,22.1,1
UT,Champawat,881,996,101,Rural,70.5,31.2,1154,991,83.7,91.7,89.5,59.5,30.4,95.4,15.4,1
TN,Dindigul,833,995,173,Both,73,23.3,1019,1047,95.6,97.1,96.4,42.6,66.2,81.3,66.7,1
AS,Dhubri,908,994,115,Rural,64.9,36.3,957,861,95.2,69.4,89.4,33,16.7,98.8,7.1,1
UT,Uttarkashi,878,994,139,Rural,65.8,29.7,1031,825,67.9,93.1,75.1,48.5,28.2,93.4,32.3,1
KA,Bidar,812,993,132,Rural,66.2,26.1,1018,1075,96.3,97.4,96,26.7,31.3,95.8,25.1,1
KL,Malappuram,835,992,171,Both,94.7,25.9,999,936,97.6,99.5,93.8,98.7,45.7,99.3,37.3,1
TN,Viluppuram,836,992,162,Rural,69.6,26.8,1046,819,100,99.3,96.2,32.4,57.5,87,84.3,1
HR,Karnal,836,990,162,Both,73.1,25.7,881,880,99.6,99.5,100,87.5,54.7,94.4,11.4,1
HR,Rohtak,831,990,174,Both,71.4,28.4,916,930,95.6,99.1,98.3,77,45.8,98.6,9.9,1
RJ,Udaipur,906,990,130,Rural,52.7,32.6,1043,993,59.8,84.2,77.9,29.2,24.2,88.8,24.3,1
TN,Salem,829,988,173,Both,72.2,22.8,1000,872,100,99,93.2,46.2,76.6,88.3,78.4,1
UP,Bara Banki,905,987,130,Rural,58.8,34.8,1022,1054,68.7,49.7,99.2,20.3,27.9,96.9,3.6,1
PB,Jalandhar,820,986,142,Both,81.5,20,953,711,99.2,99.8,99.8,89.2,78.7,98.5,16.4,1
WB,Barddhaman,827,986,134,Both,69.7,22.9,1013,1064,96.9,94.4,96.6,46.6,29.7,97.3,28.4,1
JH,Garhwa,863,985,121,Rural,55.6,36.3,1013,947,58.4,49.9,86.3,10.8,5.7,93.2,9.9,1
RJ,Bundi,917,985,164,Rural,51.1,27.7,930,987,78.7,91.1,90.8,26.6,22.8,96.8,8.7,1
UP,Sitapur,891,985,136,Rural,59.8,35.7,912,720,64.9,29.9,98.7,16.7,19,90.2,2.8,1
AS,Dima Hasao,916,984,151,Rural,74.1,31.6,969,953,84.2,79.2,47.7,59,24.3,100,5.4,1
UT,Tehri Garhwal,891,984,93,Rural,65.8,29.3,1161,953,79.7,98.1,77.4,65.8,35.1,97.3,37.4,1
JK,Srinagar,818,982,231,Urban,65.1,22.1,951,1052,93.4,100,97.3,66.6,97,99.5,2.4,1
MP,Mandla,901,982,156,Rural,63.8,29.9,1053,974,74.2,76.9,62.9,15.1,14.7,82.4,37.7,1
MZ,Lawngtlai,857,982,117,Rural,71,34.2,996,1079,99.2,74.3,74.6,65.3,38.7,99.1,26.9,1
AS,Kokrajhar,885,980,125,Rural,68.8,29.9,1009,863,95.7,74.1,76.5,39.2,18.3,99.6,7.1,1
JH,Sahibganj,914,979,126,Rural,51.5,38.1,977,820,54.9,72.4,77.6,24.7,11.6,98,6.7,1
MH,Nanded,791,978,187,Rural,68.5,29.6,1000,961,94.1,88.2,88.3,43.8,32.4,95.8,18.9,1
OR,Gajapati,908,978,134,Rural,53.3,31.8,1026,800,82.9,87.7,69.2,38.2,19.2,76.8,48.1,1
MP,Shahdol,902,975,152,Rural,59.8,29.4,973,931,74.8,75.3,66.6,16.9,13.5,89.8,21.2,1
OR,Nayagarh,909,975,121,Rural,74.5,25.8,1009,725,88,93.4,80.2,31.6,21,91.2,53.4,1
PB,Muktsar,836,975,171,Rural,71.5,23.4,860,748,98.7,99.6,98.7,79.6,59.3,99.1,23,1
MP,Umaria,896,973,158,Rural,61.6,31.5,1006,1035,82.8,79.1,68.6,18.6,12.5,89.1,23.5,1
OR,Kendujhar,914,973,108,Rural,64.1,28.8,1065,851,66,75,85.4,20.5,16.4,92.6,47.8,1
TN,Karur,810,973,158,Both,73.9,23.8,1056,983,100,98.7,96.4,47.9,77.6,89,77.9,1
TN,The Nilgiris,829,973,185,Both,81.7,21.2,1056,949,99.7,97.2,94.9,63,69.9,87.2,71.8,1
MN,Chandel,892,972,124,Rural,77.1,33.6,1062,954,56.8,93.9,37.3,61.6,17.5,99.3,1.1,1
UP,Auraiya,888,971,113,Rural,71.8,32.4,944,832,51.7,67.9,98.3,35.6,27.3,84.4,3,1
PB,Barnala,838,970,173,Both,69,21.5,873,1026,98.7,99.9,98.9,85.5,54.4,97.8,25.7,1
TR,Dhalai,905,968,170,Rural,76.4,27.9,957,868,89.8,88.5,66,49.5,19.2,99.5,68.8,1
CT,Raigarh,894,967,150,Rural,67.4,26.1,985,934,87,95.1,92.8,26.7,19.6,98.6,62.6,1
MH,Latur,792,967,151,Rural,67.8,27.2,966,920,94.9,93.1,93,39.7,32.4,97.4,19.7,1
NL,Mon,898,967,122,Rural,70.1,35.4,913,822,66.7,85.6,72.4,81,5.8,98.6,4.6,1
HR,Faridabad,781,966,125,Urban,73.5,31.1,826,686,92.1,99.2,51.1,78,82.6,91.8,18.8,1
KA,Raichur,811,965,151,Rural,54.6,30.3,1036,1017,93.4,97.6,83.5,27.6,26.7,81.8,29,1
TN,Dharmapuri,825,965,172,Rural,69.9,22.9,1018,951,99,98.4,97.2,37.7,71.8,81.3,70.8,1
UP,Kanpur Dehat,904,965,157,Rural,66.6,30.9,885,1032,79.1,45.5,98.7,28.7,17.7,93,3.4,1
MN,Tamenglong,905,964,129,Rural,72.7,35.9,1030,1150,59.3,87.9,37.6,62,12.7,99.6,2.6,1
OR,Koraput,929,963,130,Rural,46.2,31,1019,872,83.9,76,84.7,18.2,19,90,42.2,1
OR,Sambalpur,902,963,116,Rural,72.4,24.1,1027,973,95.7,87.6,87.4,33.7,22.7,96.9,50.5,1
RJ,Barmer,890,963,114,Rural,44.7,38.5,980,897,52.3,65.6,70.1,20.2,14.7,87.1,8.9,1
JH,Lohardaga,897,962,107,Rural,60.2,34.3,1037,1043,77.7,81.9,71.2,19.5,14.9,97.9,15.6,1
TN,Coddalore,816,961,165,Both,76.6,25.5,1026,766,98,98.9,97.4,38.6,52.8,73.6,73.2,1
TR,North Tripura,881,961,171,Rural,82.2,28.4,1024,991,85.7,86,64.2,46.1,23,99.2,59.1,1
MP,Sagar,900,960,124,Rural,71.3,32.7,939,849,81.5,83.9,81.3,26.7,17.6,91.6,10,1
PB,Kapurthala,827,960,152,Both,78.8,22.4,958,776,97.3,97,98.8,81.8,76.1,98.6,24.9,1
TN,Kancheepuram,825,958,175,Both,82.5,21.5,964,1086,99.5,99.7,78.6,68,86.7,91.1,53.2,1
HP,Sirmaur,786,957,245,Rural,73.5,25.9,1015,828,94.9,98.8,90.7,69.3,38.2,98.9,22.6,1
OR,Mayurbhanj,918,957,126,Rural,59.3,27.4,1032,983,79.5,73.9,81.5,18.1,9.5,78.8,39.9,1
KA,Bagalkot,791,956,148,Both,62.1,28.2,963,799,93.8,96.9,88.3,23,29.7,84.6,37.2,1
HR,Panipat,834,954,149,Both,74.8,27.7,846,918,96,100,99.7,91,63.6,98.2,9.5,1
MP,Panna,899,954,141,Rural,61.6,32,924,790,75.7,79.7,78.1,19.8,11.3,86.3,15.5,1
TN,Vellore,823,954,178,Both,75.5,25.7,1036,1113,99.7,99.5,86.6,53.4,78.2,87,71.8,1
HR,Panchkula,836,953,148,Both,79.4,22.4,780,751,96.2,99.6,99.5,86.9,77.3,98.3,11.9,1
JH,Latehar,893,953,125,Rural,57.2,38.2,1017,857,62.1,53.3,76.3,12,5.2,97.8,29.4,1
BR,Pashchim Champaran,922,952,128,Rural,52.8,41.4,936,893,50.5,46.1,96.1,21.4,18.1,89.9,10,1
JH,Dumka,918,951,121,Rural,58,32.5,1017,1021,54.3,69.1,89,12.1,9,97,4.2,1
MH,Nashik,755,951,163,Both,80.4,28,1000,867,94.8,92.2,89.7,52.8,65.7,97.2,12.3,1
AN,South Andaman,804,950,119,Both,85.8,24.2,989,794,97,98.7,95.5,83.6,77.3,99.2,6.8,1
WB,Birbhum,834,950,149,Rural,69,25.4,968,865,97.7,96,97.4,28,15.5,94.2,40.9,1
JK,Samba,791,948,202,Rural,74.8,26.8,1019,917,87.9,99.3,95.4,44.9,49.6,99.2,4.7,1
OR,Ganjam,892,948,95,Rural,64.5,25.7,1111,801,93.1,89.4,90.3,40.7,34.5,91.3,42,1
AR,Changlang,878,945,137,Rural,66.6,33.3,965,990,86.2,78.3,70,56.4,26.5,99.6,56.5,1
JK,Ramban,808,945,209,Rural,51.3,38.2,978,1060,88.6,89.1,81.6,41.1,19.8,88.8,1.4,1
JK,Jammu,809,944,229,Both,79.7,24.5,966,760,96.5,99.9,97.1,64.3,73.4,99.8,11.9,1
KA,Yadgir,785,943,134,Rural,47.8,31.1,977,950,85.1,97.9,91.1,18.1,18.7,87.7,28.6,1
KA,Bijapur,803,941,140,Rural,63,29.8,966,924,91.6,96.1,88.2,22.9,29.1,83.5,36.4,1
PB,Gurdaspur,824,941,162,Rural,79.4,23.1,898,829,100,99.6,99.6,74.7,69.8,98.6,22.4,1
JH,Pashchimi Singhbhum,880,939,113,Rural,50.9,33.8,1048,1010,56,68,68.9,16.1,10,99.5,4.7,1
KA,Gadag,814,939,132,Both,65.7,24.9,964,872,96.9,97.4,85.5,30.2,24.8,75.2,34.5,1
UT,Garhwal,871,939,122,Rural,75.6,27.3,1210,705,79.1,98.1,88.1,66.2,35.4,95.9,15.9,1
WB,Bankura,820,939,143,Rural,67.1,24.9,1002,1145,97.5,89.4,96.4,29.5,16.3,88.8,48.6,1
CT,Surguja,908,938,151,Rural,59.5,30.7,1024,1052,69.9,92.9,72.6,18.2,12.4,99.3,71.8,1
KA,Chitradurga,815,937,149,Rural,69.3,20.5,946,932,93.4,96.9,90.5,44.2,40.2,74.6,46.2,1
MP,Vidisha,901,937,141,Rural,64.2,35.3,916,1009,68,84.7,94.1,24,17.9,93.7,10.6,1
TR,South Tripura,908,937,162,Rural,77.8,24.6,1000,911,90.9,92.3,91.3,61,22.1,98.6,70.5,1
GJ,Tapi,789,936,224,Rural,64.8,22.5,1064,883,95.5,91.6,87.6,38.6,22.7,96.3,34.1,1
GJ,Narmada,818,935,217,Rural,67.4,26.3,997,851,97.2,91.3,97.6,34.8,15.3,98.6,51.3,1
GJ,Panchmahal,774,935,211,Rural,66.3,29.9,1064,919,88.5,85.9,80.8,39.8,25.2,94.5,19.3,1
TN,Nagapattinam,818,935,137,Rural,78.2,24,1071,884,99.5,98.4,91.4,43.1,58.2,79.8,52.4,1
GJ,Amreli,835,933,210,Rural,68.1,22.9,927,820,96.5,98.9,96.6,74.8,52.4,94,11.8,1
JK,Doda,799,933,205,Rural,56,34.6,1033,1020,79.9,94.4,86.3,45.5,15.8,84.7,2.9,1
GJ,Porbandar,835,932,234,Both,71.6,22.6,941,803,99.3,99.3,85.1,72.4,48.4,98.8,10.3,1
MH,Solapur,773,931,137,Both,71.9,25.3,963,816,96.2,88.9,86.9,49.3,50.7,96.4,21.5,1
UT,Almora,883,931,76,Rural,69.7,28.8,1259,986,75.8,96.4,83.9,65,26.6,85.9,16.1,1
KA,Belgaum,798,930,142,Rural,69.8,26.5,960,967,99.1,98.1,98.6,40.2,47.1,96.3,16.9,1
WB,Haora,793,930,126,Both,81.8,23,1001,974,96,97.8,96.5,60,47.2,97.5,21.1,1
WB,South Twenty Four Parganas,792,930,106,Rural,76.5,26.7,1037,1067,98.5,87.4,97.7,51.7,19.3,94.6,25.3,1
JK,Kishtwar,814,929,223,Rural,52.6,30.8,956,889,93,87.8,87.1,39,23.9,89.4,1.6,1
JH,Palamu,870,928,140,Rural,57.6,35.7,998,1009,52.9,62.4,90.5,17.2,16.2,94.8,26.6,1
TN,Chennai,819,928,126,Urban,88.7,22.2,1032,1531,98.9,99.6,77.4,82.3,96.7,96.4,56.8,1
WB,Darjiling,777,928,125,Both,77,22.4,992,1006,98.7,95.4,71,61,56.3,98.6,24.5,1
WB,Nadia,836,928,143,Rural,73.7,23.4,1015,812,98,95.6,95,68.5,28.2,95.8,38.5,1
GJ,Bhavnagar,818,926,201,Both,67.5,26.5,944,949,98.1,99.5,95.8,65.8,46.3,87.2,10.1,1
HP,Chamba,768,925,171,Rural,68.8,27.5,1128,936,93.8,98.7,89.4,75.7,25.4,98.7,36.7,1
PB,Hoshiarpur,827,925,121,Rural,83.4,22.7,943,894,98.8,99.8,99.8,76.2,62.7,98.9,16,1
PB,Rup Nagar,790,925,117,Rural,81.3,23.3,950,827,98.3,100,99.8,80.9,67.6,97.7,41.8,1
WB,Purba Medinipur,800,925,140,Rural,78.8,24.7,991,998,99,97.5,98.9,66.9,10.9,86.6,33.8,1
CT,Jashpur,914,924,144,Rural,63.7,30.1,995,961,78.4,84.1,83.3,15.1,7.6,99.3,78.1,1
UP,Fatehpur,892,923,124,Rural,59,31.2,1008,799,54.5,45.4,97.6,26.6,17.6,96.1,1.2,1
HR,Gurgaon,796,922,141,Both,76.7,30.2,812,916,91.1,99.8,97.9,66.3,82,94.8,18.4,1
KA,Gulbarga,803,922,135,Both,60.8,30.9,989,914,93,98.2,94.9,29.1,35.1,85.8,22.9,1
PY,Karaikal,769,922,124,Both,84,23.9,1108,890,98.5,99.5,98.1,69.1,73.1,87.6,36,1
GJ,Junagadh,804,921,211,Both,71.8,24.9,974,893,99.5,99.3,97.8,75.1,47.8,96.8,24.9,1
GJ,Banaskantha,795,918,229,Rural,55.7,30.5,992,1049,94.9,87.3,97.8,39.6,27.6,97.7,20.9,1
PB,Ludhiana,814,918,129,Both,82,23,862,827,98.2,99.9,100,80.8,76.8,98.6,24,1
KA,Koppal,797,917,160,Rural,63.8,29.5,980,997,92.3,98.2,92.6,48.9,33.6,84.1,34.9,1
OR,Debagarh,916,917,110,Rural,69.3,28.8,1072,1136,65.1,81.5,85.6,30.9,7.4,93.5,51.7,1
AR,Upper Subansiri,900,916,123,Rural,61.8,33.6,987,909,44.1,88.3,86.2,59.9,38.5,99.3,71,1
MH,Parbhani,771,916,140,Both,65.2,29.7,1006,1114,96.2,91.7,89.9,34,26.6,99.1,10.3,1
TN,Tiruvannamalai,819,916,151,Rural,70.2,23.4,1011,845,98.8,98.8,96.4,31,63.8,72.2,59,1
KA,Bellary,785,912,149,Both,59.5,29.1,952,886,92.3,98.1,94.4,40.7,46.7,76.9,21.5,1
KA,Dharwad,804,912,134,Both,76.7,24.8,957,865,98.4,98.1,95.4,62,56.2,87.7,32.7,1
TN,Perambalur,821,912,140,Rural,72.5,24.2,1131,906,98.6,98.8,89.1,37.2,63.8,84,81.2,1
TN,Pudukkottai,813,912,126,Rural,72.5,25.4,1087,999,100,97,84.7,35.2,38.9,85.1,77.1,1
TN,Thiruvallur,817,911,188,Both,82.2,21.6,980,855,94,98.9,85.3,66.6,86.3,92.9,63.7,1
WB,Maldah,815,911,129,Rural,68.4,32.9,1019,881,93,94.1,82.9,44,15.8,93.6,40.6,1
GJ,Kheda,797,910,245,Rural,69.5,25.8,958,927,95.3,94.5,97.1,51.3,28.6,97.4,16.5,1
GJ,Sabarkantha,799,910,234,Rural,66.5,27.6,957,897,89.9,95.2,94.2,46.7,29.9,92.1,25.6,1
KL,Wayanad,853,909,175,Rural,88.9,21.9,1065,1241,95.2,96,93.4,95.3,33.2,96.9,61.8,1
UP,Mahoba,839,908,98,Rural,60.7,30.7,943,959,82.4,79.2,93.4,35.5,16.7,93.4,3.1,1
KA,Kolar,787,906,110,Both,69.9,23.6,961,829,93.9,98.7,67.3,58.1,56.5,80.6,30.1,1
UT,Rudraprayag,888,905,84,Rural,70.8,28.9,1169,879,78.6,98.8,86.5,67.6,32.5,87,29.9,1
AR,Kurung Kumey,909,902,112,Rural,54.1,36.8,1002,1124,32.1,91.2,92.4,46.7,39.2,99.2,67.6,1
KL,Kozhikode,835,901,126,Both,96.2,20.2,1033,954,97.2,99.2,96.4,99.4,51.8,98.4,59.7,1
TN,Namakkal,826,901,169,Both,74.1,20.7,1008,888,99.4,99.4,92.4,49.6,85.3,89,57.4,1
MH,Nandurbar,769,900,105,Rural,54.8,30.7,1019,1031,84.1,74.1,83.7,23.6,19.1,98.5,12.5,1
UP,Lalitpur,881,900,134,Rural,59.2,33.5,928,926,76.3,78,94.1,19.9,18.2,89.9,1.8,1
AP,Kurnool,799,899,141,Rural,56.6,29.4,1021,816,73.3,99.7,81.7,52.9,63.7,74.7,75.4,1
WB,Jalpaiguri,808,899,124,Rural,68.8,25.7,969,908,96.9,89.9,85.2,49.2,27,92.1,25.3,1
GJ,Anand,778,898,245,Both,77.7,24.8,962,851,98.4,97.6,96.2,67.2,43.1,86.6,14.5,1
GJ,Patan,772,896,206,Rural,61.4,28.8,945,871,95.4,93.2,95.8,56.3,32.5,97.5,25.3,1
GJ,Jamnagar,804,895,206,Both,67.8,24.4,952,1004,99.3,98,88.8,68,56.8,97.6,22.5,1
UP,Jalaun,861,894,119,Rural,66.3,27.2,928,653,67.9,89,98.1,48.1,33.3,84.6,4.1,1
MH,Yavatmal,791,893,146,Rural,76.1,24.7,969,863,95.8,89.6,80.8,43.7,37.2,98,14.9,1
OR,Kalahandi,917,892,116,Rural,50.9,28.9,1011,898,79.7,67.1,93.6,14.9,7.1,96.2,50.4,1
AR,Lower Dibang Valley,874,891,126,Rural,66.3,32,955,801,67.6,72.5,95.9,68.6,41.7,99,59.6,1
GA,North Goa,798,890,397,Both,86.6,22.3,1030,963,99.4,99.6,96.5,79.8,82.5,94.5,21.9,1
JH,Saraikela Kharsawan,836,890,112,Rural,64.8,30.1,947,898,71.8,85.5,80.7,27,24.9,92.2,10.5,1
MZ,Mamit,869,890,133,Rural,82.5,32.9,962,1050,97.4,85.7,84.1,66.8,37.5,97.8,50.9,1
HP,Kullu,774,889,234,Rural,74.2,23.3,1015,1009,93.9,99.5,94.7,65.2,37.8,98.9,19.8,1
MH,Amravati,794,889,125,Both,83,22.9,979,1052,97.9,92.7,95.8,64.5,50.3,97.1,24.3,1
TN,Thiruvarur,814,887,132,Rural,80.8,25.2,1072,922,97.9,97,97.8,45.2,44.2,76,76.4,1
WB,Koch Bihar,808,886,126,Rural,73.7,26.3,1008,1073,94.6,90,97.9,49.6,13.7,89.4,44.5,1
TN,Tiruppur,833,883,170,Both,75.2,22.2,986,1066,100,99.5,97.6,51.6,90.5,93.1,62.5,1
AS,Kamrup Metropolitan,867,881,97,Urban,87.3,22.1,964,751,97.6,95,80.1,61.2,79,99.9,16.7,1
HP,Una,778,881,172,Rural,86.1,25.7,1097,877,94.3,99.8,98.5,69.3,32.2,98.3,10.7,1
JH,Simdega,876,881,118,Rural,59.9,34,1034,1122,58.6,54.9,59.6,8.5,5.7,99.6,10.6,1
PB,Sahid Bhagat Singh Nagar,789,881,113,Both,75.2,22.3,1011,1154,98.7,99.7,99.9,81.6,55.1,99,28.3,1
GJ,Rajkot,804,880,211,Both,74.9,22.8,916,773,96.6,98.6,91.7,72.3,65.2,98.4,19.3,1
GJ,Surat,752,880,206,Urban,82.9,26.8,881,684,98.9,98.3,93.4,77.4,83.4,97.9,19.1,1
PB,Sahibzada Ajit Singh Nagar,779,880,149,Both,81.9,24.7,864,815,96.6,99.5,99.4,79.4,80.7,98.7,29.1,1
HP,Solan,755,877,255,Rural,80.9,25.7,931,1115,95.7,98.8,91.9,69.1,48.4,99.1,29.3,1
MH,Washim,802,876,136,Rural,75.7,26.3,949,902,93.7,94,88.1,41.5,33.9,97.2,17.6,1
OR,Cuttack,884,876,127,Rural,79.8,23.4,992,987,89.3,91.6,91.1,38.8,31,95.1,34.2,1
TN,Sivaganga,823,876,114,Both,76.9,24.2,1197,1097,98.1,98.3,86.9,47.6,55.7,66.3,65.7,1
MH,Dhule,765,875,157,Rural,68.1,28,920,853,96.1,87.3,93.8,32,41,96.9,22.7,1
KA,Bangalore Rural,799,874,132,Rural,70.8,23,994,1313,97.9,98.3,77.5,74.4,64.5,83,38.6,1
KA,Davanagere,791,874,126,Both,69.1,23,951,1029,96.1,98,94.3,64,52.7,81.9,38,1
MH,Hingoli,769,872,135,Rural,67,28.2,1002,992,95.4,84.3,86,40.3,25.6,98.9,14.4,1
RJ,Chittaurgarh,887,872,145,Rural,50,27.3,968,1047,72.8,95.3,88.8,32,25.4,99,6.6,1
WB,North Twenty Four Parganas,800,872,107,Both,83.7,21.2,981,803,99.3,97,92,69,50.7,97.3,35.8,1
UP,Hamirpur,870,871,128,Rural,61.7,28.9,945,930,70.9,73.1,99.1,45.1,19.7,89.7,3.4,1
WB,Hugli,792,871,99,Both,78.5,22.7,1055,904,96.5,95.2,98.5,54.6,30.8,98.8,39.1,1
NL,Phek,916,869,123,Rural,74.8,35.2,957,958,65.8,98.4,94.1,82.7,9.8,99.5,4.3,1
TN,Thanjavur,799,868,144,Both,77.2,23.6,1059,833,95.4,97,98.6,46.9,47.3,78.5,69.5,1
WB,Dakshin Dinajpur,801,867,132,Rural,70.2,24.1,1023,902,96.2,93.1,99.4,43.9,12.6,92.1,40.7,1
GJ,Valsad,789,866,195,Both,76.5,25.6,995,1189,89.7,98.3,68.7,61.2,56.7,92.1,17.4,1
GJ,Surendranagar,795,864,240,Rural,63.3,27.2,954,998,95.8,95.6,81.9,47.7,36.5,94.1,19.6,1
PB,Fatehgarh Sahib,785,864,132,Both,79.5,21.3,927,872,99.1,100,99.5,83,69.4,97.9,40,1
KA,Mysore,781,863,113,Both,71.3,22.9,1008,886,96,97.2,95.6,63.6,66.7,86.1,33,1
KA,Shimoga,794,863,99,Both,76.3,22.7,1041,866,95.8,95.6,81.5,71.7,61.2,75,36.1,1
MH,Sangli,745,863,122,Rural,79.8,23.5,1005,913,97.4,91.6,95.8,68.8,63.2,96.2,10.3,1
GJ,Mahesena,781,862,211,Rural,74.5,25.2,920,785,96.3,96.8,92.7,66.1,54.9,95.6,30.4,1
UT,Pithoragarh,911,862,94,Rural,71.8,27.2,1069,758,88.4,97.3,83.9,62.7,36.8,94.6,20.9,1
KA,Udupi,774,860,99,Rural,80.1,19.8,1137,794,95.8,98.4,64.7,89.1,44.7,85.5,45.4,1
MH,Aurangabad,759,860,151,Both,72.6,28.6,923,1130,93.6,95.7,88.4,45.3,54.6,98.2,9.5,1
KA,Chamarajanagar,804,859,114,Rural,56.4,21.4,1068,1141,94.3,93.8,95,32.9,36.3,81.3,27,1
KA,Dakshina Kannada,769,859,114,Both,82.7,20.4,1032,1136,97.1,97.8,85.7,92,54.2,74.5,34.7,1
MH,Jalna,776,859,135,Rural,65.2,29,950,880,95.4,84,72.6,34,20.7,99.8,11.2,1
KA,Uttara Kannada,799,858,99,Rural,80.7,23.1,1056,871,97,96.7,69.4,66,48.5,88.5,24.2,1
HP,Mandi,788,856,165,Rural,75.4,25,1167,921,93.5,99.5,96,71.6,23.8,99,37.2,1
KA,Haveri,792,856,146,Rural,71.1,24.1,906,982,96.9,97.1,95.1,53.5,35.8,84.4,44.4,1
MH,Wardha,809,856,124,Both,82.4,21.1,947,1298,98.5,95.3,93.7,56.9,54.9,98.7,14.8,1
AP,Sri Potti Sriramulu Nellore,803,855,108,Rural,60.6,22.9,1039,1156,80.7,97.9,67.7,52.7,57.1,82.2,73,1
GJ,The Dangs,779,854,210,Rural,67.7,33.5,965,961,92.7,87,69.9,19.4,9.1,95.8,39,1
GJ,Dohad,760,852,146,Rural,57.9,38.4,1104,1041,87.6,78.5,72.5,21.9,15.3,93.5,23.5,1
GJ,Navsari,790,852,175,Both,78.3,21.7,1036,847,96.7,97.8,67.2,68.8,53.2,93.8,28.6,1
MN,Churachandpur,792,852,114,Rural,79.7,34.6,997,983,66.9,89,48.3,66.1,42.2,100,2,1
AP,Vizianagaram,799,850,98,Rural,56.4,23.7,1066,864,88,98.1,89.5,31.9,48.1,69.1,79.9,1
HP,Kangra,782,850,164,Rural,83.4,23.8,1107,781,97.1,100,97.8,67.1,34.9,99.9,25.6,1
JH,Godda,877,850,100,Rural,51.6,36.6,1031,933,60.9,78.3,83.8,17.1,6,97.2,6.3,1
UT,Chamoli,870,849,85,Rural,74.3,29.8,1150,950,89.7,95.5,93.2,62.4,34.8,85.6,18.8,1
DL,North East,730,847,92,Urban,79.3,27,891,778,86.5,100,96.6,75.5,98.8,98.8,13,1
AR,East Siang,860,843,114,Rural,72.5,25.8,954,942,72.6,96.8,98.3,72.8,44.9,99.5,84.4,1
AN,North  & Middle Andaman,796,842,128,Rural,83.8,22.6,951,975,99.6,92.5,90.3,49.8,35.5,99.4,3.2,1
MH,Gadchiroli,792,840,138,Rural,65.5,22,968,1162,99.2,93.5,86.1,32.6,22.4,98.2,19.6,1
GJ,Kachchh,776,837,212,Both,61,32.5,944,1029,96.7,95.4,81.5,61.5,38.5,96.2,20.5,1
MH,Buldana,779,837,131,Rural,75.2,26.9,953,907,96.9,96,86.8,45.7,33.1,99.6,18.8,1
AP,Krishna,798,836,112,Both,71.3,22.1,1037,900,83.6,99,70,63.2,73.3,90.5,71.5,1
TN,Kanniyakumari,813,836,135,Urban,92.2,24.2,1110,1129,100,99.3,91.9,85.6,59.7,88.9,54.9,1
HP,Bilaspur,783,835,137,Rural,78.6,25.8,1086,915,95.5,99.9,82.8,70.3,19.1,99.6,18.4,1
MN,Ukhrul,890,833,120,Rural,83.3,34.1,984,1041,51,79.2,44.1,59.8,10.8,98,1.1,1
GJ,Bharuch,785,832,226,Both,73.7,25.1,973,1037,96.5,96.1,85.9,67.2,49.2,98.3,25.7,1
HP,Hamirpur,789,830,132,Rural,84.8,24.6,1225,954,99.6,99.5,96.8,81,24.3,98.8,12.8,1
TG,Hyderabad,766,830,109,Urban,79.8,26.7,934,827,92.9,100,90.5,73.2,91.6,98.9,49.8,1
GJ,Gandhinagar,752,828,241,Both,69.4,25.1,931,1019,96,94.8,96.5,62.3,52.2,96.8,28.4,1
MH,Kolhapur,771,827,132,Both,77.3,22,978,660,96.3,96.1,95.4,67,64,94.9,10.1,1
KL,Kasaragod,799,823,134,Both,88.8,22.5,1041,981,98.4,98.5,92.7,97.7,52.9,94.2,37.5,1
MH,Bhandara,801,823,132,Rural,81.1,23.6,1020,1204,99.6,96.3,85.9,67.3,47.7,99,16.1,1
MH,Beed,779,823,127,Rural,62.6,27.7,933,1046,90.1,90.6,86.1,39.7,28,95.4,13.1,1
MH,Gondiya,783,822,127,Rural,77.3,23.3,1037,1009,99.4,96.2,78.8,55.4,23.8,98.8,16,1
KA,Hassan,817,821,115,Rural,69.4,21.8,1077,1149,96.9,96.3,91.1,64.3,51.1,94.2,39.8,1
KA,Chikkaballapura,784,819,100,Rural,63,23.4,1023,788,95.1,97.5,76.9,49.7,47.3,66.4,16.1,1
MH,Chandrapur,803,819,126,Both,72.9,23.3,961,996,98.6,91.6,84,53.9,47.2,99.2,11.3,1
KL,Palakkad,828,816,191,Rural,92.2,20.1,972,1075,100,99,93.4,96.7,50.7,97.2,48,1
AP,Srikakulam,784,815,104,Rural,58.4,22.2,1028,933,89.3,97.3,75.7,33.2,38,80,82.2,1
NL,Zunheboto,848,815,124,Rural,86.5,29.4,936,747,58.9,99.4,88.7,81.1,12.8,99.6,18.9,1
GJ,Vadodara,789,812,219,Both,72.6,24.8,944,1159,95.9,97,95.5,60.8,52.1,96.6,25.7,1
KA,Tumkur,815,810,116,Rural,69.3,20.8,1003,926,98,98.1,80.8,52.3,39.4,85.5,36.5,1
NL,Peren,876,809,119,Rural,78.9,38.3,992,916,69.3,97.3,61,74.2,16.9,99.8,6.3,1
JK,Leh_Ladakh_,793,807,152,Both,60.4,23.3,1035,829,81.7,99.5,70.9,16.7,87.7,99.2,2.6,1
DD,Diu,738,806,153,Both,74.6,26.7,1188,825,99.7,99.8,98.1,71.4,69.7,90.2,36.6,1
GA,South  Goa,790,806,370,Both,82.8,24.4,1000,970,98.4,100,96.1,76.1,86.4,97.4,7.6,1
NL,Kiphire,823,806,132,Rural,78.3,37.5,964,1037,69.8,98.2,87.2,80.5,11.1,99.3,7.9,1
TN,Ariyalur,814,806,133,Rural,69.1,24,1048,847,97.5,98.3,96.6,28.1,44.7,62.8,63.3,1
KA,Kodagu,796,804,116,Rural,78.3,24.8,1114,1226,97.9,95.8,81.6,82,47.9,90.1,33.7,1
WB,Kolkata,749,803,95,Urban,82.5,20.2,921,1020,95.7,99.8,96.2,50.2,69.6,98.5,26.1,1
AP,East Godavari,803,802,125,Rural,69,21.8,927,1008,84.3,99.1,82.1,56.8,50.3,82.3,70.9,1
MH,Jalgaon,771,799,110,Both,75.4,25.1,914,922,92.1,90.2,96,42.1,52.9,98.6,11.5,1
KA,Bangalore,775,798,114,Urban,84.4,22.1,898,727,93.6,99.4,92,86.2,93.9,95.9,15.4,1
KA,Mandya,785,798,97,Rural,65.2,21.1,1048,915,95.3,98.9,95.5,56.8,53.7,93.6,30.6,1
MH,Ahmadnagar,749,798,110,Rural,75.4,25.8,905,843,93.4,92.2,86.1,50.8,57.8,94.9,10,1
TN,Madurai,786,796,131,Both,80.9,23.8,1007,726,98.1,98.8,78.6,54.4,75.8,81.8,50.5,1
AP,Anantapur,784,795,100,Rural,56.9,24,1000,1196,89.4,99.1,61.3,46.5,65.9,77.8,76.5,1
KL,Kollam,816,793,137,Both,96.8,20,1043,851,99.6,98.2,94.4,98.1,58.8,99,45.5,1
TN,Theni,808,792,126,Both,70.6,23.2,1013,1206,98.9,97.4,96.2,47,73.3,61.2,53.6,1
UP,Banda,882,789,135,Rural,59.9,32.1,908,956,67.7,67.3,97.8,27.5,15,94.5,1,1
AR,Anjaw,884,787,127,Rural,62.7,31.5,910,1139,74.5,90.4,87.2,45.3,24.7,98.6,75.3,1
NL,Longleng,885,786,132,Rural,80.6,31.7,847,816,62.1,97.5,41.2,73.6,4.8,99.7,5.6,1
AP,Prakasam,800,785,102,Rural,53.5,25,1016,799,68.9,97.7,58.2,53.6,65.9,76.4,75.3,1
TN,Tiruchirappalli,785,785,142,Both,79,23.5,1048,1017,99.2,98.9,97.2,46.5,71.1,80.2,63.4,1
AR,East Kameng,825,783,96,Rural,56.8,40.5,999,1007,35.8,50.5,78.6,38.3,36.8,99.7,45.7,1
KL,Thiruvananthapuram,834,783,138,Both,95,19.7,1122,1115,98.9,99.3,92.7,96.8,52.4,99.2,57.9,1
AP,Y.S.R.,778,782,103,Both,59.2,24.6,1034,675,74.5,99.7,55.8,68.7,72.1,73.2,73,1
TG,Khammam,806,778,109,Rural,59.8,22.6,1036,978,80.6,97.2,84.5,50.3,70,99.2,71.1,1
TN,Ramanathapuram,735,777,99,Both,74.7,25.7,1101,732,98.1,98.2,76.2,45.4,55,67.5,59.3,1
AP,Visakhapatnam,768,772,107,Both,61.3,23.3,1047,1097,84.5,98.5,84.3,55.2,56.1,90.4,70,1
HP,Shimla,732,770,180,Rural,77.9,21.8,997,1233,94.9,99.7,97.8,74,67.2,98.9,28.7,1
MH,Osmanabad,773,769,121,Rural,68.1,25.4,961,821,92.6,87.8,89,27.3,31.8,98.6,6.8,1
GJ,Ahmadabad,754,768,209,Urban,83.7,22.1,904,871,97.8,99.2,95,88.5,83.4,96.4,34.4,1
KA,Ramanagara,780,766,126,Rural,63.8,20.7,1016,928,98.8,97.8,93.1,60.8,54.5,83.3,34.8,1
TG,Adilabad,782,764,107,Rural,52.6,26.2,1007,795,62.6,96.5,85,30.7,40.4,97.1,65.5,1
AR,West Siang,849,763,109,Rural,70.5,25.9,875,867,55.2,94.4,90.6,76,48.7,98.7,65.7,1
MH,Thane,712,763,136,Urban,81,23.6,922,895,93.6,90.6,92,64.7,76.7,93.5,15.7,1
TG,Rangareddy,757,762,118,Urban,71.8,25.1,967,837,85.2,99.5,80.7,51.2,84.4,98.4,58.6,1
AP,Guntur,789,761,104,Both,60.3,23,1015,637,90.6,99.5,74.9,63.2,79.7,82.5,74.5,1
TN,Thoothukkudi,799,761,125,Both,79.8,24.3,1135,1087,95.1,98.2,92.7,50.4,68.2,67.7,48.3,1
MH,Raigarh,721,759,117,Both,82,24.4,924,794,98,94,93.6,75.4,75.6,93.8,18.9,1
TG,Mahbubnagar,791,757,104,Rural,49.5,28.9,1007,952,69.3,97.8,71,32.8,47.1,80.4,76.5,1
KL,Kannur,795,753,110,Both,96.3,21,1092,1066,95.3,98.9,92.2,98.9,55.5,98,38.1,1
TG,Nizamabad,763,752,83,Rural,55.5,26.5,1101,752,86.4,97.7,82.3,42.3,56.9,95.4,67.8,1
AR,Upper Siang,858,749,94,Rural,66.7,25.1,898,1038,77.3,91.8,92.5,60,22.4,98.6,72.1,1
KL,Thrissur,829,749,111,Both,96.5,18.3,1075,1120,96,99.7,95.9,99.5,67.5,99.2,38.1,1
TG,Medak,760,743,107,Rural,57,26.1,1007,1026,91,97.5,85.2,53.3,48.7,98.2,71.8,1
AR,Dibang Valley,879,742,102,Rural,63.9,26.1,956,1296,52,89.9,99.3,77.8,24.7,99,75.2,1
MH,Pune,709,742,131,Both,82.3,21.5,924,927,95.9,95.9,95.3,63.5,81.4,95.7,21.4,1
AP,Chittoor,773,740,95,Rural,65,23.4,1079,1168,86.4,98.6,65.3,39.7,59.3,83.8,74.8,1
KL,Ernakulam,832,740,105,Both,97.7,18.8,1076,1246,98.6,99.9,97,99.3,79.7,97.7,47.7,1
MH,Satara,734,740,111,Rural,76.7,22.7,1034,1018,97.5,93.6,93,63.8,57,93.3,8.9,1
TN,Virudhunagar,793,738,110,Both,71.4,22.6,1079,948,98.5,98.6,84,36.5,73.3,62.8,45.5,1
AP,West Godavari,787,736,100,Rural,68.5,23,1020,834,87.3,98.7,74.3,61.2,62.3,85.1,79,1
KA,Chikmagalur,782,736,118,Rural,71.9,20.4,1059,1444,91.5,96.3,81.9,62.7,49.7,84.3,17.7,1
AR,Lower Subansiri,845,734,94,Rural,63,28.1,1010,976,55.2,98.5,97.6,73,64.5,99.6,66,1
TG,Warangal,784,730,110,Rural,61.4,22.4,1043,957,77,97.4,73.3,46.9,60.8,97.4,76.6,1
TG,Karimnagar,776,728,99,Rural,58.2,21.3,1102,881,91.9,98.8,69.9,53.9,70.7,98.8,64.8,1
MH,Ratnagiri,749,727,73,Rural,77.3,23,1134,984,98.8,96.1,85,67.8,34.2,85.1,9.8,1
TG,Nalgonda,801,723,108,Rural,55.1,24.1,988,831,81.8,97.3,54.4,50.1,60.3,90.5,76.1,1
KL,Alappuzha,826,718,121,Both,97.2,17.5,1101,1112,94.5,99.5,93.4,97,64.2,98.2,56,1
KL,Idukki,811,710,127,Rural,92.5,17.8,965,1139,98.4,99.2,92.4,94.6,47.2,99.1,54.2,1
TN,Tirunelveli,773,709,110,Both,74.6,22,1124,1050,93.5,99.1,97.4,45.8,72.3,54.9,54.3,1
AR,West Kameng,795,704,91,Rural,64.6,31.9,946,1027,62.4,98.1,94.8,58.8,56.1,99.2,53.7,1
KL,Kottayam,826,704,129,Rural,98.7,16.7,1029,1077,96.8,99.6,95.2,98.9,62.6,99.1,50.8,1
DL,South West,706,693,91,Urban,81.3,24.2,812,782,94,99.9,82.1,64.5,97.4,98.8,21.7,1
DL,West,716,690,88,Urban,85.2,22.5,869,778,92.3,100,93.8,87.8,99.5,99,20.1,1
AR,Tawang,800,689,78,Rural,41.4,27.9,1060,955,29.9,95.4,94.7,54.3,45.6,99.5,44.2,1
NL,Tuensang,762,677,87,Rural,78.5,37,942,953,63.7,97.2,91.4,73,9.3,99.5,5.1,1
MH,Mumbai Suburban,668,673,100,Urban,82.9,22.4,869,932,93.8,92.1,99.2,26.7,87.1,99.6,12.4,1
DL,North,658,669,49,Urban,83.1,24.8,825,1075,81.3,99.4,86.9,77.8,97.6,97.9,13.7,1
HP,Kinnaur,766,667,161,Rural,71.2,21.6,1048,807,95.4,99.1,92.7,67.1,66.7,99.7,26.2,1
DL,Central,722,663,76,Urban,83.8,21.8,860,1596,92,99.6,95.1,74.6,97.8,99,18.4,1
MH,Sindhudurg,698,660,64,Rural,81.7,19.1,1001,824,100,98.2,75.1,77.6,38.7,88.1,10.8,1
NL,Mokokchung,808,644,89,Rural,90,21.2,926,1048,63.7,99.4,85.9,91.1,38.3,99.5,5,1
KL,Pathanamthitta,836,642,89,Rural,97,16.7,1105,1135,97.3,99.2,93,97.4,57.7,99.2,41.9,1
NL,Wokha,800,637,75,Rural,83.8,28.8,1027,1079,70.5,97.8,73.4,72.9,35.9,99.6,3.6,1
DL,East,698,615,70,Urban,85,21.2,874,854,87.2,99.8,92.1,80.8,98.2,96.9,13.5,1
MH,Mumbai,649,608,62,Urban,87.2,19.6,906,1033,95,99.2,99.6,39.2,89.2,98.1,14.7,1
DL,North West,599,607,74,Urban,80.3,26.4,834,727,86.6,99.5,79,66.2,96.8,98.1,13.8,1
DL,South,618,596,65,Urban,80.2,24.9,842,847,78,99.6,76.8,73.6,96.7,98.3,15.4,1
HP,Lahul and Spiti,724,592,169,Rural,65.7,19,994,787,95.1,97.8,97.1,52.5,59.9,99.7,21.3,1
DD,Daman,785,587,279,Urban,83.4,20.7,647,954,88.9,100,87.6,58.2,74.4,97.9,12.9,1
DL,New Delhi,603,534,67,Urban,82.7,18.8,788,1193,86,99.6,88.5,67.7,94.5,99.3,34.8,1
